event_id,deadline,lapse_start,outcome,venue,contract_id,contract_open,contract_close,contract_result,role,series,question,condition_id,gamma_event_id,note
E01,2023-09-30,2023-10-01,averted,kalshi,GOVSHUT-23OCT02,2023-01-13,2023-10-02,no,primary,GOVSHUT,Will the government be shut down on October 02?,,,
E01,2023-09-30,2023-10-01,averted,polymarket,65838664851391815946720427654464509713389454730157116010325278694089523587202,2023-09-12,2023-10-02,no,primary,will-there-be-a-us-government-shutdown-by-october-2,Will there be a US government shutdown by October 2?,0xb068d56aa58773921a8188d3c39d3a547d7290b3f6eef8a62737ea4003e4800b,902273,
E02,2023-11-17,2023-11-18,averted,kalshi,GOVSHUT-23NOV17,2023-10-01,2023-11-17,no,primary,GOVSHUT,Will the government be shut down on November 17?,,,CR passed
E02,2023-11-17,2023-11-18,averted,polymarket,108057506352452332799228383986237100782367073252599180753908943102170921621274,2023-10-04,2023-11-19,no,primary,will-there-be-a-us-government-shutdown-by-november-19,Will there be a US government shutdown by November 19?,0x05728df137c8369cdd25d8932da04c5df4668ebb42f8ae7453038b82b86d542a,902620,window ends Nov 19; CR passed
E03,2024-01-19,2024-01-20,averted,kalshi,GOVSHUT-24JAN20,2023-12-01,2024-01-20,no,primary,GOVSHUT,Will the government be shut down on January 20?,,,staggered CR deadline
E03,2024-01-19,2024-01-20,averted,polymarket,916652542787015485687061399240227024282948971589640746479868246882796456492,2024-01-11,2024-01-20,no,primary,will-there-be-a-us-government-shutdown-by-jan-20,Will there be a US government shutdown by Jan 20?,0x55f069932dd8b7553b98e6285a81594edf33f2699756280cf7ddeac90eab79ec,903225,staggered CR deadline
E04,2024-02-02,2024-02-03,averted,kalshi,GOVSHUT-24FEB03,2023-12-01,2024-02-03,no,primary,GOVSHUT,Will the government be shut down on February 03?,,,staggered CR deadline; not in original list
E05,2024-03-01,2024-03-02,averted,kalshi,GOVSHUT-24MAR04,2024-01-15,2024-03-04,no,primary,GOVSHUT,Will the government be shut down on March 04?,,,staggered CR deadline; not in original list
E06,2024-03-08,2024-03-09,averted,kalshi,GOVSHUT-24MAR11,2024-01-15,2024-03-11,no,primary,GOVSHUT,Will the government be shut down on March 11?,,,staggered CR deadline
E06,2024-03-08,2024-03-09,averted,polymarket,54125904243038989166597072576304250644723838065357109894568104931394771916119,2024-01-26,2024-03-12,yes,primary,will-there-be-a-us-government-shutdown-by-mar-9,US government shutdown by Mar 9?,0x3c9d8b8e50e69c48a1882f259db6c492662ce45fd4c019da1abb8ebe3f6cf8e9,903336,"window Jan 24-Mar 9, also spans E05; staggered CR deadline"
E07,2024-03-22,2024-03-23,averted,kalshi,GOVSHUT-24MAR23,2024-03-01,2024-03-23,no,primary,GOVSHUT,Will the government be shut down on March 23?,,,staggered CR deadline
E07,2024-03-22,2024-03-23,averted,polymarket,54493921602178012542907340413017326096924519434326524522609209033099287795651,2024-03-01,2024-03-12,yes,primary,will-there-be-a-us-government-shutdown-by-mar-23,Will there be a US government shutdown by Mar 23?,0x9a8e3d99d9435c53be147e08315d9159aab661bd3677ddbe6e60c163f858bcf4,903687,"window Mar 1-Mar 23, also spans E06; staggered CR deadline"
E08,2024-12-20,2024-12-21,averted,kalshi,SHUTDOWNBY-24,2024-03-15,2024-12-31,no,annual_proxy,SHUTDOWNBY,Government shutdown in 2024?,,,"whole-year contract, not deadline-specific; no deadline-specific contract on either venue; annual proxies only"
E08,2024-12-20,2024-12-21,averted,polymarket,25788984364015292223605977307142748201985724991469784186655292374059222006895,2024-09-03,2024-12-25,yes,annual_proxy,us-government-shutdown-before-2025,Will there be a US Government shutdown? ,0x87d67272f0ce1bb0d80ba12a1ab79287b2a235a5f361f5bcbc06ea0ce34e61c5,12327,"window Aug 30-Dec 31 2024, not deadline-specific; no deadline-specific contract on either venue; annual proxies only"
E08,2024-12-20,2024-12-21,averted,polymarket,89125306726926882098860872319187201561140577338105445540096393129177584322034,2024-12-20,2024-12-21,no,related,will-house-and-senate-pass-funding-bill-by-midnight,Will House and Senate pass funding bill by midnight?,0x70cd8d33fcc8ed0c8735809725bfe9c57b9d4b6836d3c904fc23cbc2ba13a6e5,15706,'pass funding bill by midnight' - different question; no deadline-specific contract on either venue; annual proxies only
E09,2025-03-14,2025-03-15,averted,kalshi,KXSHUTDOWNBYDATE-25MAR18,2025-03-04,2025-03-18,no,primary,KXSHUTDOWNBYDATE,"Government shutdown before Mar 19, 2025?",,,
E09,2025-03-14,2025-03-15,averted,polymarket,38236598342491303152364421973300502578732152123493806980881863251221928118496,2025-01-10,2025-03-19,yes,primary,us-government-funding-lapse-on-march-15,U.S. Government funding lapse on March 15?,0xed85b5d16739e076cd5cc3a705467df14abc2f23d1b16ae26cd660e8e0b38c54,16547,funding-lapse definition (differs from OPM-based Kalshi)
E10,2025-10-01,2025-10-01,shutdown_43d,kalshi,KXGOVSHUT-25OCT01,2025-09-16,2025-10-01,yes,primary,KXGOVSHUT,Will the government be shut down on October 01?,,,
E10,2025-10-01,2025-10-01,shutdown_43d,polymarket,98045093822431547938365423095786421804452886266888528428746910959667685407691,2025-09-02,2025-10-01,yes,primary,us-government-shutdown-by-october-1,US government shutdown by October 1?,0x09b3e4c716df2579afa0ede1bf00edd84f8cbe1e335785f90336e7a909c52f8e,41136,
E10,2025-10-01,2025-10-01,shutdown_43d,polymarket,112226033133443965075739311907624214186243769976578242433877869130965466590653,2025-03-25,2025-10-01,yes,secondary,us-government-funding-lapse-on-october-1,U.S. Government funding lapse on October 1?,0x61f98765d7abe75419d6d3f97f4ced34f45fc67178ff254b20ceb5c156310fe3,21634,funding-lapse definition
E11,2026-01-30,2026-01-31,brief_lapse,kalshi,KXGOVSHUT-26JAN31,2025-11-11,2026-01-31,yes,primary,KXGOVSHUT,Will the government be shut down on January 31?,,,VERIFY: Kalshi resolved yes for Jan 31; >4-day length contract resolved no
E11,2026-01-30,2026-01-31,brief_lapse,polymarket,52607315900507156846622820770453728082833251091510131025984187712529448877245,2025-11-13,2026-02-04,yes,primary,will-there-be-another-us-government-shutdown-by-january-31,US government shutdown Saturday?,0x43ec78527bd98a0588dd9455685b2cc82f5743140cb3a154603dc03c02b57de5,80505,VERIFY: Kalshi resolved yes for Jan 31; >4-day length contract resolved no
E11,2026-01-30,2026-01-31,brief_lapse,polymarket,31863881776925088536662567082600580308156065003202998122202789468932109041050,2025-12-23,2026-01-31,yes,secondary,us-government-funding-lapse-on-january-31,U.S. Government Funding Lapse on January 31?,0x705b8c1edeff1e28846175e65b5effaff746c446737aff52440c4211f49dadfc,118074,funding-lapse definition; VERIFY: Kalshi resolved yes for Jan 31; >4-day length contract resolved no
E12,2026-02-14,2026-02-14,shutdown_dhs_partial_75d,kalshi,KXGOVTSHUTDOWN-26FEB14,2026-02-06,2026-02-14,yes,primary,KXGOVTSHUTDOWN,"Will the US government be shut down on Feb 14, 2026?",,,partial DHS shutdown
E12,2026-02-14,2026-02-14,shutdown_dhs_partial_75d,polymarket,7648925155044397287047798308912067661131447591491670430094875295487039626662,2026-02-02,2026-02-15,no,primary,another-us-government-shutdown-by-february-14,Government shutdown on Saturday?,0x4b78de44ea49d0eb8d5fee85352294b6f679a47c56944c6ad5c945e9a2ba7211,194637,"resolved NO although DHS lapse began Feb 14; wording requires an OPM-announced shutdown, Kalshi resolved YES; partial DHS shutdown"
E13,2026-10-01,2026-10-01,averted,kalshi,KXGOVTSHUTDOWN-26OCT01,2026-06-09,2026-10-01,no,primary,KXGOVTSHUTDOWN,"Will the US government be shut down on Oct 1, 2026?",,,stopgap into December
E13,2026-10-01,2026-10-01,averted,polymarket,8601474761739494662879132877571233419511374108958084174727177012285914530506,2026-06-10,2026-10-02,no,primary,government-shutdown-by-october-1-20260610162414910,Government shutdown by October 1?,0x937a7f4210f01a06ed95228c255b5d141f93994c00c5508c6abbf1ce542282bd,580520,stopgap into December
E13,2026-10-01,2026-10-01,averted,polymarket,90656391761607005861649783890429315182314608627222900375426304171629602482520,2026-08-05,2026-10-02,no,secondary,federal-appropriations-lapse-on-october-1-20260804220923652,Federal Appropriations Lapse on October 1?,0x8cc2b39f616fbf7af424e9232e9da9534e8ac27a3cdea7db6bc50c4db79c17fd,801502,funding-lapse definition; stopgap into December
