ticker,gov_fy,all,dhs,dhs_share_of_federal_obl
ACN,2022,2791257213.28,215459694.59,0.0771909136732024
ACN,2023,3034747651.86,260269793.18,0.08576324065049704
ACN,2024,3398367667.68,175782530.94,0.0517255777271455
ACN,2025,3235121037.92,165660785.26,0.05120698215560754
ACN,2026,3463294720.55,206963625.65,0.05975917221885536
BAH,2022,6204779573.83,110807901.03,0.017858475020991284
BAH,2023,7261114557.11,114139638.72,0.015719300091228527
BAH,2024,7903436032.86,101788792.39,0.012879055636914659
BAH,2025,7294135306.7699995,85096592.37,0.011666440063295537
BAH,2026,6479491657.53,154388872.7,0.023827312520817944
CACI,2022,3467265135.5499997,271310464.86,0.0782491255365053
CACI,2023,4061964959.65,279613956.55,0.06883711684556063
CACI,2024,4487303099.13,467032264.22,0.10407860888883312
CACI,2025,5048133541.42,561785989.8,0.1112858812451253
CACI,2026,4304974140.95,677351359.89,0.15734156297174076
CTSH,2022,45714139.17,0.0,0.0
CTSH,2023,40580997.51,0.0,0.0
CTSH,2024,23774611.78,0.0,0.0
CTSH,2025,24357689.32,0.0,0.0
CTSH,2026,8973295.41,0.0,0.0
EPAM,2022,0.0,0.0,
EPAM,2023,0.0,0.0,
EPAM,2024,0.0,0.0,
EPAM,2025,0.0,0.0,
EPAM,2026,0.0,0.0,
LDOS,2022,7473558158.54,543828496.46,0.07276701203409647
LDOS,2023,7933376111.99,572625387.27,0.07217928145428154
LDOS,2024,8205576427.5,584232023.62,0.07119938846246278
LDOS,2025,7662832126.96,602687879.74,0.07865080035090087
LDOS,2026,7194622695.79,894893339.23,0.12438363720638959
PSN,2022,1098357435.53,37422441.2,0.03407127770017984
PSN,2023,1257763808.3500001,21481936.55,0.01707946786780351
PSN,2024,1352202886.9,-9170610.02,-0.006781977844333797
PSN,2025,1363054934.6799998,414814.98,0.0003043274114974572
PSN,2026,859894903.46,2355134.4,0.002738863075619513
SAIC,2022,4348907658.63,228476864.98999998,0.05253660986261895
SAIC,2023,4703776809.28,203224762.79999998,0.04320459304086482
SAIC,2024,4724411998.879999,209175570.02,0.044275471755974835
SAIC,2025,4632737621.3,241679940.6,0.05216784552805773
SAIC,2026,3897732431.67,277652389.86,0.07123433809976501
